{"ball_0": {"x": -1, "y": 0.86, "z": 0.028575}, "ball_1": {"x": -0.9, "y": 0.86, "z": 0.028575}, "ball_2": {"x": -0.8, "y": 0.86, "z": 0.028575}, "ball_3": {"x": -0.5148249220439076, "y": 0.21275927900794137, "z": 0.028575}, "ball_4": {"x": -0.6, "y": 0.86, "z": 0.028575}, "ball_5": {"x": -0.5, "y": 0.86, "z": 0.028575}, "ball_6": {"x": -0.3999999999999999, "y": 0.86, "z": 0.028575}, "ball_7": {"x": -0.29999999999999993, "y": 0.86, "z": 0.028575}, "ball_8": {"x": -0.19999999999999996, "y": 0.86, "z": 0.028575}, "ball_9": {"x": -0.09999999999999998, "y": 0.86, "z": 0.028575}, "ball_10": {"x": 0, "y": 0.86, "z": 0.028575}, "ball_11": {"x": 0.10000000000000009, "y": 0.86, "z": 0.028575}, "ball_12": {"x": 0.20000000000000018, "y": 0.86, "z": 0.028575}, "ball_13": {"x": 0.30000000000000004, "y": 0.86, "z": 0.028575}, "ball_14": {"x": 0.40000000000000013, "y": 0.86, "z": 0.028575}, "ball_15": {"x": 0.5, "y": 0.86, "z": 0.028575}}